{"cameraMode":{"drawMode":0,"name":"Shaded","section":"Shading Mode"},"sceneLighting":true,"audioPlay":false,"sceneViewState":{"m_AlwaysRefresh":true,"showFog":true,"showSkybox":true,"showFlares":true,"showImageEffects":true,"showParticleSystems":true,"showVisualEffectGraphs":true,"m_FxEnabled":true},"in2DMode":false,"pivot":{"x":-46.77409362792969,"y":-28.554962158203126,"z":-19.03917121887207},"rotation":{"x":0.5203221440315247,"y":-0.31538185477256777,"z":0.21480561792850495,"w":0.7640038132667542},"size":41.235816955566409,"orthographic":true}