{"cameraMode":{"drawMode":0,"name":"Shaded","section":"Shading Mode"},"sceneLighting":false,"audioPlay":false,"sceneViewState":{"showFog":true,"showMaterialUpdate":true,"showSkybox":true,"showFlares":true,"showImageEffects":true,"showParticleSystems":true},"in2DMode":false,"pivot":{"x":-38.981109619140628,"y":-10.029273986816407,"z":-87.13011169433594},"rotation":{"x":0.6919748187065125,"y":-0.014074540697038174,"z":0.013495485298335553,"w":0.7216652035713196},"size":41.5492057800293,"orthographic":false}