{"cameraMode":{"drawMode":0,"name":"Shaded","section":"Shading Mode"},"sceneLighting":false,"audioPlay":false,"sceneViewState":{"m_AlwaysRefresh":true,"showFog":true,"showSkybox":false,"showFlares":true,"showImageEffects":true,"showParticleSystems":true,"showVisualEffectGraphs":true,"m_FxEnabled":true},"in2DMode":false,"pivot":{"x":-3.861196994781494,"y":-0.2687091827392578,"z":1.3801746368408204},"rotation":{"x":0.4309958219528198,"y":0.17933861911296845,"z":-0.08776314556598664,"w":0.8800445795059204},"size":2.7541425228118898,"orthographic":true}