{"cameraMode":{"drawMode":0,"name":"Shaded","section":"Shading Mode"},"sceneLighting":false,"audioPlay":false,"sceneViewState":{"showFog":true,"showMaterialUpdate":true,"showSkybox":true,"showFlares":true,"showImageEffects":true,"showParticleSystems":true},"in2DMode":false,"pivot":{"x":-53.4900016784668,"y":1.0,"z":-98.12000274658203},"rotation":{"x":0.6423041820526123,"y":-0.000688087020535022,"z":0.0005768763367086649,"w":0.7664509415626526},"size":3.2660250663757326,"orthographic":false}